Site,Partition,alpha,beta,alpha=beta,LRT,p-value,Total branch length
1,1,0.493,0.198,0.272,1.350,0.245,2.336
2,1,0.909,0.896,0.900,0.001,0.981,7.770
3,1,0.000,0.301,0.181,5.947,0.015,1.968
4,1,0.000,0.000,0.000,0.000,1.000,0.000
5,1,1.486,0.065,0.370,12.747,0.000,3.561
6,1,1.586,0.388,0.687,4.372,0.037,5.879
7,1,0.561,0.106,0.206,3.237,0.072,1.878
8,1,0.636,0.000,0.093,7.538,0.006,1.341
9,1,0.472,0.377,0.394,0.070,0.792,3.460
10,1,0.608,0.199,0.320,2.642,0.104,2.581
11,1,1.070,0.000,0.281,15.483,0.000,2.257
12,1,0.000,0.000,0.000,0.000,1.000,0.000
13,1,1.526,0.235,0.465,9.087,0.003,4.753
14,1,0.509,0.000,0.113,8.922,0.003,1.073
15,1,0.804,0.000,0.064,9.884,0.002,1.697
16,1,0.773,0.235,0.307,1.480,0.224,3.168
17,1,1.038,0.000,0.083,9.833,0.002,2.190
18,1,0.484,0.056,0.165,4.119,0.042,1.386
19,1,1.435,0.370,0.732,7.360,0.007,5.443
20,1,0.355,0.348,0.350,0.001,0.982,3.020
21,1,0.678,0.050,0.162,5.928,0.015,1.754
22,1,1.858,0.084,0.289,14.764,0.000,4.468
23,1,0.692,0.092,0.354,4.949,0.026,2.060
24,1,1.012,0.067,0.287,7.785,0.005,2.570
25,1,1.525,0.382,0.544,4.588,0.032,5.710
26,1,1.240,0.370,0.565,4.397,0.036,5.035
27,1,0.931,0.441,0.595,1.454,0.228,4.842
28,1,3.514,0.418,1.028,19.249,0.000,10.146
29,1,0.930,0.103,0.221,5.177,0.023,2.638
30,1,0.393,0.054,0.094,1.678,0.195,1.180
31,1,1.351,0.000,0.283,21.110,0.000,2.851
32,1,1.233,0.611,0.720,1.465,0.226,6.592
33,1,1.689,0.049,0.300,16.389,0.000,3.884
34,1,0.669,0.397,0.458,0.470,0.493,4.003
35,1,1.037,0.280,0.383,2.404,0.121,4.013
36,1,1.852,0.143,0.302,9.084,0.003,4.842
37,1,0.618,0.485,0.497,0.030,0.863,4.469
38,1,0.827,0.056,0.146,4.767,0.029,2.109
39,1,0.869,0.071,0.131,4.923,0.027,2.298
40,1,1.432,0.000,0.457,28.522,0.000,3.022
41,1,0.816,0.054,0.213,7.648,0.006,2.077
42,1,1.846,0.000,0.231,23.485,0.000,3.895
43,1,1.040,0.066,0.299,9.058,0.003,2.623
44,1,0.521,0.358,0.400,0.259,0.611,3.438
45,1,0.207,0.000,0.098,2.942,0.086,0.436
46,1,0.334,1.052,0.842,2.328,0.127,7.573
47,1,0.547,0.000,0.114,9.289,0.002,1.153
48,1,0.627,0.000,0.079,8.130,0.004,1.322
49,1,2.281,0.220,0.603,19.166,0.000,6.248
50,1,0.426,0.000,0.109,8.052,0.005,0.900
51,1,0.000,0.000,0.000,0.000,1.000,0.000
52,1,3.347,0.000,0.427,40.909,0.000,7.061
53,1,2.225,0.154,0.655,20.851,0.000,5.704
54,1,1.717,0.000,0.299,26.859,0.000,3.622
55,1,2.588,0.050,0.220,12.301,0.000,5.788
56,1,1.824,0.839,1.015,1.875,0.171,9.328
57,1,0.676,0.158,0.347,3.277,0.070,2.457
58,1,1.898,0.248,0.380,6.047,0.014,5.623
59,1,1.167,0.000,0.243,21.422,0.000,2.463
60,1,1.112,0.601,0.720,1.015,0.314,6.273
61,1,2.384,0.216,0.665,17.326,0.000,6.439
62,1,1.205,0.839,0.938,0.400,0.527,8.020
63,1,0.323,0.050,0.086,1.487,0.223,1.004
64,1,0.845,0.308,0.465,3.376,0.066,3.793
65,1,0.000,0.538,0.400,5.218,0.022,3.514
66,1,1.689,0.000,0.253,29.303,0.000,3.563
67,1,0.180,0.319,0.283,0.273,0.602,2.462
68,1,0.573,0.000,0.103,10.166,0.001,1.208
69,1,0.000,0.000,0.000,0.000,1.000,0.000
70,1,0.337,0.000,0.051,3.692,0.055,0.711
71,1,0.671,0.300,0.378,1.062,0.303,3.375
72,1,0.599,0.350,0.452,0.593,0.441,3.551
73,1,0.000,0.128,0.112,0.824,0.364,0.837
74,1,2.007,0.238,0.416,8.144,0.004,5.792
75,1,1.338,0.589,0.722,1.745,0.186,6.666
76,1,0.612,0.720,0.678,0.098,0.754,5.996
77,1,4.954,0.303,1.056,6.009,0.014,12.434
78,1,0.756,1.223,1.113,0.507,0.476,9.584
79,1,1.863,0.831,0.987,1.681,0.195,9.359
80,1,0.961,0.786,0.828,0.089,0.765,7.161
81,1,1.563,0.561,0.810,3.789,0.052,6.964
82,1,0.590,0.277,0.345,0.943,0.331,3.053
83,1,1.763,0.111,0.406,13.810,0.000,4.446
84,1,0.380,0.263,0.293,0.163,0.686,2.520
85,1,2.618,0.000,0.233,23.448,0.000,5.523
86,1,0.634,0.421,0.484,0.354,0.552,4.085
87,1,1.209,0.253,0.555,8.489,0.004,4.202
88,1,1.174,0.000,0.183,14.391,0.000,2.477
89,1,0.532,0.231,0.335,1.414,0.234,2.632
90,1,1.195,0.057,0.201,7.754,0.005,2.894
91,1,3.032,0.045,0.326,24.464,0.000,6.691
92,1,2.458,0.485,0.866,8.226,0.004,8.353
93,1,0.470,0.382,0.403,0.071,0.790,3.483
94,1,3.382,0.000,0.339,35.547,0.000,7.135
95,1,1.069,0.596,0.703,0.925,0.336,6.150
96,1,0.000,0.000,0.000,0.000,1.000,0.000
97,1,1.140,0.080,0.292,13.405,0.000,2.930
98,1,0.515,0.159,0.280,2.635,0.105,2.125
99,1,1.032,0.538,0.719,1.360,0.244,5.691
100,1,0.444,1.399,1.048,3.397,0.065,10.076
101,1,1.374,0.630,0.717,1.034,0.309,7.016